0,OPT-451,OPT-451,OPT-451,IRV-843,IRV-843,IRV-843,IRV-843,IRV-843,IRV-843,IRV-843,IRV-843,IRV-843,IRV-843
1,OPT-451,OPT-451,OPT-451,OPT-451,IRV-843,IRV-843,IRV-843,IRV-843,IRV-843,IRV-843,IRV-843,IRV-843,IRV-843,IRV-843,IRV-843,IRV-843,IRV-843,IRV-843,IRV-843,IRV-843,IRV-843,IRV-843,IRV-843,IRV-843,IRV-843,IRV-843,CLI-989,CLI-989
2,OPT-451,IRV-843,IRV-843,IRV-843,IRV-843,CLI-989,CLI-989,CLI-989,CLI-989,CLI-989,CLI-989,CLI-989,CLI-989,CLI-989,CLI-989,CLI-989,CLI-989,CLI-989,CLI-989,CLI-989,CLI-989,CLI-989
3,OPT-451,OPT-451
4
5
6
7,OPT-451,OPT-451,OPT-451,OPT-451,OPT-451,OPT-451,OPT-451,OPT-451,OPT-451,OPT-451,OPT-451,OPT-451,IRV-843,IRV-843,IRV-843,IRV-843,IRV-843,IRV-843,IRV-843,IRV-843,IRV-843,IRV-843,IRV-843,IRV-843,IRV-843,IRV-843,IRV-843,IRV-843,IRV-843,IRV-843,IRV-843,IRV-843,IRV-843,IRV-843,IRV-843
8
9
10,IRV-843,IRV-843,IRV-843,IRV-843,IRV-843,IRV-843
11
12
13,CLI-989,CLI-989,CLI-989,CLI-989,CLI-989,CLI-989,CLI-989,CLI-989
14
15
16,CLI-989,CLI-989,CLI-989,CLI-989,CLI-989,CLI-989,CLI-989,CLI-989,CLI-989,CLI-989,CLI-989,CLI-989,CLI-989
17,OPT-451,OPT-451,OPT-451,OPT-451,OPT-451,OPT-451,OPT-451,OPT-451,OPT-451,OPT-451,OPT-451,OPT-451,OPT-451,OPT-451,CLI-989,CLI-989
18,OPT-451,OPT-451,IRV-843,IRV-843,CLI-989,CLI-989,CLI-989,CLI-989,CLI-989,CLI-989,CLI-989,CLI-989,CLI-989,CLI-989,CLI-989,CLI-989,CLI-989,CLI-989,CLI-989,CLI-989,CLI-989
19
