0,CLI-989,CLI-989,OPT-451,OPT-451,OPT-451,OPT-451,IRV-843,IRV-843,IRV-843,IRV-843,IRV-843,IRV-843
1,CLI-989,OPT-451,OPT-451,IRV-843,IRV-843,IRV-843,IRV-843,IRV-843,IRV-843,IRV-843
2,CLI-989,CLI-989,OPT-451,OPT-451,IRV-843,IRV-843,IRV-843,IRV-843,IRV-843
3,CLI-989,CLI-989,CLI-989,CLI-989,CLI-989,OPT-451,OPT-451,OPT-451,IRV-843,IRV-843
4,CLI-989,CLI-989,CLI-989,OPT-451,IRV-843
5,CLI-989,CLI-989,OPT-451,OPT-451,IRV-843,IRV-843,IRV-843
6,CLI-989,IRV-843,IRV-843
7,OPT-451,OPT-451,OPT-451,IRV-843,IRV-843,IRV-843,IRV-843,IRV-843
8,CLI-989,CLI-989,IRV-843,IRV-843,IRV-843
9,CLI-989,CLI-989,CLI-989,CLI-989,OPT-451,OPT-451,OPT-451,IRV-843,IRV-843
10,CLI-989,CLI-989,CLI-989,CLI-989,IRV-843,IRV-843
11,CLI-989,CLI-989,CLI-989,OPT-451,OPT-451,OPT-451,IRV-843,IRV-843,IRV-843
12,CLI-989,CLI-989,CLI-989,OPT-451,OPT-451,OPT-451,IRV-843
13,CLI-989,CLI-989,OPT-451,IRV-843,IRV-843,IRV-843,IRV-843,IRV-843,IRV-843,IRV-843
14,CLI-989,CLI-989,CLI-989,CLI-989,CLI-989,IRV-843,IRV-843,IRV-843,IRV-843,IRV-843,IRV-843,IRV-843
15,CLI-989,CLI-989,OPT-451,OPT-451,OPT-451,IRV-843,IRV-843
16,CLI-989,CLI-989,CLI-989,OPT-451,OPT-451,IRV-843,IRV-843,IRV-843
17,CLI-989,CLI-989,CLI-989,CLI-989,CLI-989,CLI-989,CLI-989,OPT-451,OPT-451,OPT-451,IRV-843,IRV-843
18,CLI-989,CLI-989,CLI-989,CLI-989,CLI-989,IRV-843,IRV-843
19,CLI-989,CLI-989,CLI-989,OPT-451,OPT-451,OPT-451,IRV-843,IRV-843
