0,CLI-989,CLI-989,CLI-989,CLI-989,CLI-989,CLI-989,CLI-989,CLI-989,CLI-989,CLI-989,CLI-989,OPT-451,OPT-451,OPT-451,OPT-451,OPT-451,OPT-451,OPT-451,OPT-451,OPT-451,OPT-451,OPT-451,OPT-451,OPT-451,OPT-451,OPT-451,IRV-843,IRV-843,IRV-843,IRV-843,IRV-843,IRV-843,IRV-843,IRV-843,IRV-843,IRV-843,IRV-843,IRV-843,IRV-843,IRV-843,IRV-843,IRV-843,IRV-843,IRV-843,IRV-843,IRV-843
1,CLI-989,CLI-989,CLI-989,CLI-989,CLI-989,CLI-989,CLI-989,CLI-989,OPT-451,OPT-451,OPT-451,OPT-451,OPT-451,OPT-451,OPT-451,OPT-451,OPT-451,OPT-451,OPT-451,OPT-451,OPT-451,IRV-843,IRV-843,IRV-843,IRV-843,IRV-843,IRV-843,IRV-843,IRV-843,IRV-843,IRV-843,IRV-843,IRV-843,IRV-843,IRV-843,IRV-843,IRV-843,IRV-843,IRV-843
2,CLI-989,CLI-989,CLI-989,CLI-989,CLI-989,CLI-989,OPT-451,OPT-451,OPT-451,OPT-451,IRV-843,IRV-843,IRV-843,IRV-843,IRV-843,IRV-843,IRV-843,IRV-843,IRV-843,IRV-843,IRV-843,IRV-843,IRV-843,IRV-843,IRV-843,IRV-843,IRV-843,IRV-843,IRV-843,IRV-843
3
4,CLI-989,CLI-989,CLI-989,CLI-989,CLI-989,CLI-989,OPT-451,OPT-451,OPT-451,OPT-451,OPT-451,OPT-451,OPT-451,IRV-843,IRV-843,IRV-843,IRV-843,IRV-843,IRV-843,IRV-843,IRV-843,IRV-843,IRV-843,IRV-843,IRV-843,IRV-843,IRV-843,IRV-843,IRV-843,IRV-843,IRV-843,IRV-843
5,CLI-989,CLI-989,CLI-989,CLI-989,CLI-989,CLI-989,CLI-989,CLI-989,CLI-989,OPT-451,OPT-451,OPT-451,OPT-451,OPT-451,OPT-451,IRV-843,IRV-843,IRV-843,IRV-843,IRV-843,IRV-843,IRV-843,IRV-843,IRV-843,IRV-843,IRV-843,IRV-843,IRV-843,IRV-843,IRV-843,IRV-843,IRV-843,IRV-843,IRV-843,IRV-843
6,CLI-989,CLI-989,CLI-989,CLI-989,CLI-989,CLI-989,CLI-989,OPT-451,OPT-451,OPT-451,OPT-451,OPT-451,OPT-451,OPT-451,OPT-451,OPT-451,OPT-451,OPT-451,IRV-843,IRV-843,IRV-843,IRV-843,IRV-843,IRV-843,IRV-843,IRV-843,IRV-843,IRV-843,IRV-843
7,CLI-989,CLI-989,CLI-989,CLI-989,CLI-989,CLI-989,CLI-989,CLI-989,CLI-989,CLI-989,CLI-989,OPT-451,OPT-451,OPT-451,OPT-451,OPT-451,OPT-451,OPT-451,OPT-451,OPT-451,OPT-451,OPT-451,OPT-451,OPT-451,OPT-451,OPT-451,IRV-843,IRV-843,IRV-843,IRV-843,IRV-843,IRV-843,IRV-843,IRV-843,IRV-843,IRV-843,IRV-843,IRV-843,IRV-843,IRV-843
8
9,CLI-989,CLI-989,CLI-989,CLI-989,CLI-989,CLI-989,CLI-989,OPT-451,OPT-451,OPT-451,OPT-451,OPT-451,IRV-843,IRV-843,IRV-843,IRV-843,IRV-843,IRV-843,IRV-843,IRV-843,IRV-843,IRV-843,IRV-843,IRV-843,IRV-843,IRV-843,IRV-843,IRV-843,IRV-843,IRV-843,IRV-843,IRV-843,IRV-843,IRV-843,IRV-843
10
11,CLI-989,CLI-989,CLI-989,CLI-989,CLI-989,CLI-989,CLI-989,OPT-451,OPT-451,OPT-451,OPT-451,OPT-451,OPT-451,OPT-451,OPT-451,OPT-451,OPT-451,OPT-451,OPT-451,OPT-451,OPT-451,OPT-451,OPT-451,IRV-843,IRV-843,IRV-843,IRV-843,IRV-843,IRV-843,IRV-843,IRV-843,IRV-843,IRV-843,IRV-843,IRV-843,IRV-843,IRV-843,IRV-843,IRV-843,IRV-843,IRV-843,IRV-843,IRV-843,IRV-843,IRV-843,IRV-843,IRV-843
12
13,CLI-989,CLI-989,CLI-989,CLI-989,CLI-989,CLI-989,CLI-989,OPT-451,OPT-451,OPT-451,OPT-451,OPT-451,OPT-451,OPT-451,OPT-451,OPT-451,OPT-451,OPT-451,OPT-451,OPT-451,IRV-843,IRV-843,IRV-843,IRV-843,IRV-843,IRV-843,IRV-843,IRV-843,IRV-843,IRV-843,IRV-843,IRV-843,IRV-843,IRV-843,IRV-843,IRV-843,IRV-843,IRV-843,IRV-843,IRV-843,IRV-843
14
15
16,CLI-989,CLI-989,CLI-989,CLI-989,CLI-989,OPT-451,OPT-451,OPT-451,OPT-451,OPT-451,OPT-451,OPT-451,OPT-451,OPT-451,OPT-451,OPT-451,OPT-451,OPT-451,IRV-843,IRV-843,IRV-843,IRV-843,IRV-843,IRV-843,IRV-843,IRV-843,IRV-843,IRV-843,IRV-843,IRV-843,IRV-843,IRV-843,IRV-843,IRV-843,IRV-843,IRV-843,IRV-843,IRV-843,IRV-843
17,CLI-989,CLI-989,CLI-989,CLI-989,CLI-989,CLI-989,CLI-989,CLI-989,CLI-989,OPT-451,OPT-451,OPT-451,OPT-451,OPT-451,OPT-451,OPT-451,OPT-451,OPT-451,OPT-451,OPT-451,OPT-451,OPT-451,OPT-451,OPT-451,OPT-451,OPT-451,OPT-451,OPT-451,OPT-451,IRV-843,IRV-843,IRV-843,IRV-843,IRV-843,IRV-843,IRV-843,IRV-843,IRV-843,IRV-843,IRV-843,IRV-843,IRV-843,IRV-843,IRV-843,IRV-843
18,CLI-989,CLI-989,CLI-989,CLI-989,CLI-989,CLI-989,CLI-989,OPT-451,OPT-451,OPT-451,OPT-451,OPT-451,OPT-451,OPT-451,OPT-451,OPT-451,OPT-451,OPT-451,OPT-451,IRV-843,IRV-843,IRV-843,IRV-843,IRV-843,IRV-843,IRV-843,IRV-843,IRV-843,IRV-843,IRV-843,IRV-843,IRV-843,IRV-843,IRV-843,IRV-843,IRV-843,IRV-843,IRV-843,IRV-843,IRV-843,IRV-843,IRV-843
19
